"0","set.seed(200407)"
"0","n_church = 15"
"0","n_mbrs = 15"
"0","b0 = 3.43 #intercept for ATSS"
"0","b1 = .10 #b weight for the L1 variable religious attendance"
"0","b2 = -.89 #b weight for the L2 variable, racial homogeneity"
"0","( attendance = runif(n_church*n_mbrs,5.11, 10.39)) #calc L1 attendance by grabbing  its M +/- 3SD"
"1","  [1]"
"1","  9.676898"
"1","  7.606840"
"1"," 10.308365"
"1","  7.735577"
"1","  9.824738"
"1","  7.913551"
"1","  7.215101"
"1"," 10.077664"
"1","  8.679246"
"1","  6.613703"
"1","  8.900495"
"1","  7.171198"
"1","  6.353026"
"1","  5.934124"
"1","
"
"1"," [15]"
"1","  9.189566"
"1","  8.055599"
"1","  9.693601"
"1","  6.698407"
"1","  6.567104"
"1","  5.593551"
"1","  8.873471"
"1","  6.236437"
"1","  6.374947"
"1","  5.376093"
"1","  9.686108"
"1","  5.204657"
"1","  9.328143"
"1","  7.266946"
"1","
"
"1"," [29]"
"1","  6.849542"
"1","  5.269652"
"1","  6.790702"
"1","  5.821821"
"1","  6.411658"
"1","  7.488200"
"1","  5.436490"
"1","  7.940037"
"1","  9.787896"
"1","  9.735462"
"1","  5.558969"
"1","  8.171855"
"1","  7.537589"
"1","  8.774128"
"1","
"
"1"," [43]"
"1","  8.325176"
"1","  9.919466"
"1","  8.355308"
"1","  6.005550"
"1","  8.265472"
"1","  7.003491"
"1","  7.596239"
"1","  9.117683"
"1","  5.682091"
"1","  5.244460"
"1","  7.518903"
"1","  7.335468"
"1","  9.661491"
"1"," 10.053473"
"1","
"
"1"," [57]"
"1"," 10.092625"
"1","  8.171083"
"1","  8.597302"
"1","  7.320916"
"1","  9.800833"
"1","  9.725078"
"1","  6.991482"
"1","  9.434476"
"1","  5.722838"
"1","  7.506286"
"1","  9.015626"
"1","  8.491104"
"1","  9.987924"
"1","  8.166685"
"1","
"
"1"," [71]"
"1","  6.910683"
"1","  5.887998"
"1","  7.726320"
"1","  5.597256"
"1","  6.224868"
"1","  9.324507"
"1","  8.770785"
"1","  8.894051"
"1"," 10.211684"
"1","  9.645383"
"1","  6.910021"
"1","  9.109597"
"1","  6.925733"
"1"," 10.262868"
"1","
"
"1"," [85]"
"1","  5.292841"
"1"," 10.147706"
"1","  7.809797"
"1","  7.486014"
"1","  8.890458"
"1","  6.908278"
"1","  5.546157"
"1","  5.934132"
"1","  5.489493"
"1","  8.381695"
"1","  6.333239"
"1","  6.053014"
"1","  9.465894"
"1","  5.364498"
"1","
"
"1"," [99]"
"1","  6.505219"
"1","  5.793267"
"1","  6.904777"
"1","  8.952698"
"1","  5.362188"
"1","  8.675000"
"1","  5.823259"
"1","  8.889802"
"1","  6.022540"
"1","  5.443075"
"1","  7.985114"
"1","  6.548272"
"1","  7.354119"
"1","  7.713661"
"1","
"
"1","[113]"
"1","  5.350144"
"1","  8.353827"
"1","  7.139775"
"1","  5.630344"
"1","  8.356351"
"1","  8.565837"
"1","  5.927257"
"1","  5.703780"
"1","  9.264089"
"1","  7.600318"
"1","  6.013011"
"1","  7.470891"
"1","  8.326928"
"1","  9.082567"
"1","
"
"1","[127]"
"1","  6.888995"
"1"," 10.025681"
"1","  9.456001"
"1","  6.912614"
"1","  6.174512"
"1","  8.765740"
"1","  6.393559"
"1","  8.615905"
"1","  6.482128"
"1","  8.789129"
"1","  8.132328"
"1","  5.144530"
"1","  9.660281"
"1","  7.438646"
"1","
"
"1","[141]"
"1","  8.118449"
"1","  8.231659"
"1","  6.110704"
"1","  9.397192"
"1","  8.866444"
"1","  9.033611"
"1","  5.365940"
"1","  9.538441"
"1","  6.508737"
"1","  7.855612"
"1","  7.081113"
"1"," 10.025440"
"1","  5.644920"
"1","  7.082449"
"1","
"
"1","[155]"
"1","  9.490744"
"1","  6.228793"
"1","  8.937299"
"1","  9.117461"
"1","  9.233348"
"1","  5.220039"
"1","  7.989634"
"1","  5.501850"
"1","  9.544496"
"1","  7.960053"
"1"," 10.142136"
"1","  9.773749"
"1","  8.467560"
"1","  9.864053"
"1","
"
"1","[169]"
"1","  9.953707"
"1","  6.132700"
"1","  7.637142"
"1","  6.299141"
"1","  6.328850"
"1","  8.774365"
"1","  6.583542"
"1"," 10.155068"
"1","  7.071333"
"1"," 10.183390"
"1","  5.861698"
"1","  6.748570"
"1","  7.451620"
"1","  5.111596"
"1","
"
"1","[183]"
"1","  5.235634"
"1","  9.240696"
"1","  8.933149"
"1","  5.153008"
"1","  5.563754"
"1","  7.920939"
"1","  9.901542"
"1","  5.852680"
"1","  7.684961"
"1","  8.497938"
"1","  6.676438"
"1","  8.549399"
"1","  8.164304"
"1","  5.770684"
"1","
"
"1","[197]"
"1","  6.515096"
"1","  8.008739"
"1","  8.649526"
"1","  8.825898"
"1","  5.293449"
"1","  8.369695"
"1","  7.388607"
"1","  5.859989"
"1","  5.465572"
"1"," 10.150636"
"1","  7.225481"
"1","  6.997803"
"1","  8.932370"
"1","  9.651652"
"1","
"
"1","[211]"
"1","  9.771210"
"1","  5.332967"
"1","  9.872107"
"1","  7.766802"
"1","  7.357792"
"1","  9.063119"
"1"," 10.268532"
"1","  9.645544"
"1","  9.508798"
"1","  9.897984"
"1","  6.875538"
"1","  6.673568"
"1","  7.186981"
"1","  5.512761"
"1","
"
"1","[225]"
"1","  9.339917"
"1","
"
"0","( homogeneity = rep (runif(n_church, .37, 1.45), each = n_mbrs)) #calc L2 homogeneity by grabbing  its M +/- 3SD"
"1","  [1]"
"1"," 1.4034858"
"1"," 1.4034858"
"1"," 1.4034858"
"1"," 1.4034858"
"1"," 1.4034858"
"1"," 1.4034858"
"1"," 1.4034858"
"1"," 1.4034858"
"1"," 1.4034858"
"1"," 1.4034858"
"1"," 1.4034858"
"1"," 1.4034858"
"1"," 1.4034858"
"1"," 1.4034858"
"1","
"
"1"," [15]"
"1"," 1.4034858"
"1"," 1.3179186"
"1"," 1.3179186"
"1"," 1.3179186"
"1"," 1.3179186"
"1"," 1.3179186"
"1"," 1.3179186"
"1"," 1.3179186"
"1"," 1.3179186"
"1"," 1.3179186"
"1"," 1.3179186"
"1"," 1.3179186"
"1"," 1.3179186"
"1"," 1.3179186"
"1","
"
"1"," [29]"
"1"," 1.3179186"
"1"," 1.3179186"
"1"," 1.4217255"
"1"," 1.4217255"
"1"," 1.4217255"
"1"," 1.4217255"
"1"," 1.4217255"
"1"," 1.4217255"
"1"," 1.4217255"
"1"," 1.4217255"
"1"," 1.4217255"
"1"," 1.4217255"
"1"," 1.4217255"
"1"," 1.4217255"
"1","
"
"1"," [43]"
"1"," 1.4217255"
"1"," 1.4217255"
"1"," 1.4217255"
"1"," 0.9679972"
"1"," 0.9679972"
"1"," 0.9679972"
"1"," 0.9679972"
"1"," 0.9679972"
"1"," 0.9679972"
"1"," 0.9679972"
"1"," 0.9679972"
"1"," 0.9679972"
"1"," 0.9679972"
"1"," 0.9679972"
"1","
"
"1"," [57]"
"1"," 0.9679972"
"1"," 0.9679972"
"1"," 0.9679972"
"1"," 0.9679972"
"1"," 0.5157274"
"1"," 0.5157274"
"1"," 0.5157274"
"1"," 0.5157274"
"1"," 0.5157274"
"1"," 0.5157274"
"1"," 0.5157274"
"1"," 0.5157274"
"1"," 0.5157274"
"1"," 0.5157274"
"1","
"
"1"," [71]"
"1"," 0.5157274"
"1"," 0.5157274"
"1"," 0.5157274"
"1"," 0.5157274"
"1"," 0.5157274"
"1"," 0.9138388"
"1"," 0.9138388"
"1"," 0.9138388"
"1"," 0.9138388"
"1"," 0.9138388"
"1"," 0.9138388"
"1"," 0.9138388"
"1"," 0.9138388"
"1"," 0.9138388"
"1","
"
"1"," [85]"
"1"," 0.9138388"
"1"," 0.9138388"
"1"," 0.9138388"
"1"," 0.9138388"
"1"," 0.9138388"
"1"," 0.9138388"
"1"," 0.4577667"
"1"," 0.4577667"
"1"," 0.4577667"
"1"," 0.4577667"
"1"," 0.4577667"
"1"," 0.4577667"
"1"," 0.4577667"
"1"," 0.4577667"
"1","
"
"1"," [99]"
"1"," 0.4577667"
"1"," 0.4577667"
"1"," 0.4577667"
"1"," 0.4577667"
"1"," 0.4577667"
"1"," 0.4577667"
"1"," 0.4577667"
"1"," 0.7231997"
"1"," 0.7231997"
"1"," 0.7231997"
"1"," 0.7231997"
"1"," 0.7231997"
"1"," 0.7231997"
"1"," 0.7231997"
"1","
"
"1","[113]"
"1"," 0.7231997"
"1"," 0.7231997"
"1"," 0.7231997"
"1"," 0.7231997"
"1"," 0.7231997"
"1"," 0.7231997"
"1"," 0.7231997"
"1"," 0.7231997"
"1"," 1.1852599"
"1"," 1.1852599"
"1"," 1.1852599"
"1"," 1.1852599"
"1"," 1.1852599"
"1"," 1.1852599"
"1","
"
"1","[127]"
"1"," 1.1852599"
"1"," 1.1852599"
"1"," 1.1852599"
"1"," 1.1852599"
"1"," 1.1852599"
"1"," 1.1852599"
"1"," 1.1852599"
"1"," 1.1852599"
"1"," 1.1852599"
"1"," 1.3447193"
"1"," 1.3447193"
"1"," 1.3447193"
"1"," 1.3447193"
"1"," 1.3447193"
"1","
"
"1","[141]"
"1"," 1.3447193"
"1"," 1.3447193"
"1"," 1.3447193"
"1"," 1.3447193"
"1"," 1.3447193"
"1"," 1.3447193"
"1"," 1.3447193"
"1"," 1.3447193"
"1"," 1.3447193"
"1"," 1.3447193"
"1"," 0.9534143"
"1"," 0.9534143"
"1"," 0.9534143"
"1"," 0.9534143"
"1","
"
"1","[155]"
"1"," 0.9534143"
"1"," 0.9534143"
"1"," 0.9534143"
"1"," 0.9534143"
"1"," 0.9534143"
"1"," 0.9534143"
"1"," 0.9534143"
"1"," 0.9534143"
"1"," 0.9534143"
"1"," 0.9534143"
"1"," 0.9534143"
"1"," 0.4331673"
"1"," 0.4331673"
"1"," 0.4331673"
"1","
"
"1","[169]"
"1"," 0.4331673"
"1"," 0.4331673"
"1"," 0.4331673"
"1"," 0.4331673"
"1"," 0.4331673"
"1"," 0.4331673"
"1"," 0.4331673"
"1"," 0.4331673"
"1"," 0.4331673"
"1"," 0.4331673"
"1"," 0.4331673"
"1"," 0.4331673"
"1"," 1.0160494"
"1"," 1.0160494"
"1","
"
"1","[183]"
"1"," 1.0160494"
"1"," 1.0160494"
"1"," 1.0160494"
"1"," 1.0160494"
"1"," 1.0160494"
"1"," 1.0160494"
"1"," 1.0160494"
"1"," 1.0160494"
"1"," 1.0160494"
"1"," 1.0160494"
"1"," 1.0160494"
"1"," 1.0160494"
"1"," 1.0160494"
"1"," 1.1427688"
"1","
"
"1","[197]"
"1"," 1.1427688"
"1"," 1.1427688"
"1"," 1.1427688"
"1"," 1.1427688"
"1"," 1.1427688"
"1"," 1.1427688"
"1"," 1.1427688"
"1"," 1.1427688"
"1"," 1.1427688"
"1"," 1.1427688"
"1"," 1.1427688"
"1"," 1.1427688"
"1"," 1.1427688"
"1"," 1.1427688"
"1","
"
"1","[211]"
"1"," 1.1285729"
"1"," 1.1285729"
"1"," 1.1285729"
"1"," 1.1285729"
"1"," 1.1285729"
"1"," 1.1285729"
"1"," 1.1285729"
"1"," 1.1285729"
"1"," 1.1285729"
"1"," 1.1285729"
"1"," 1.1285729"
"1"," 1.1285729"
"1"," 1.1285729"
"1"," 1.1285729"
"1","
"
"1","[225]"
"1"," 1.1285729"
"1","
"
"0","mu = 3.39 "
"0","sds = .64 #this is the SD of the DV"
"0","sd = 1 #this is the observation-level random effect variance that we set at 1"
"0",""
"0","( church = rep(LETTERS[1:n_church], each = n_mbrs) )"
"1","  [1]"
"1"," ""A"""
"1"," ""A"""
"1"," ""A"""
"1"," ""A"""
"1"," ""A"""
"1"," ""A"""
"1"," ""A"""
"1"," ""A"""
"1"," ""A"""
"1"," ""A"""
"1"," ""A"""
"1"," ""A"""
"1"," ""A"""
"1"," ""A"""
"1"," ""A"""
"1"," ""B"""
"1"," ""B"""
"1"," ""B"""
"1"," ""B"""
"1"," ""B"""
"1"," ""B"""
"1"," ""B"""
"1"," ""B"""
"1"," ""B"""
"1"," ""B"""
"1"," ""B"""
"1"," ""B"""
"1"," ""B"""
"1"," ""B"""
"1"," ""B"""
"1"," ""C"""
"1"," ""C"""
"1"," ""C"""
"1"," ""C"""
"1"," ""C"""
"1"," ""C"""
"1","
"
"1"," [37]"
"1"," ""C"""
"1"," ""C"""
"1"," ""C"""
"1"," ""C"""
"1"," ""C"""
"1"," ""C"""
"1"," ""C"""
"1"," ""C"""
"1"," ""C"""
"1"," ""D"""
"1"," ""D"""
"1"," ""D"""
"1"," ""D"""
"1"," ""D"""
"1"," ""D"""
"1"," ""D"""
"1"," ""D"""
"1"," ""D"""
"1"," ""D"""
"1"," ""D"""
"1"," ""D"""
"1"," ""D"""
"1"," ""D"""
"1"," ""D"""
"1"," ""E"""
"1"," ""E"""
"1"," ""E"""
"1"," ""E"""
"1"," ""E"""
"1"," ""E"""
"1"," ""E"""
"1"," ""E"""
"1"," ""E"""
"1"," ""E"""
"1"," ""E"""
"1"," ""E"""
"1","
"
"1"," [73]"
"1"," ""E"""
"1"," ""E"""
"1"," ""E"""
"1"," ""F"""
"1"," ""F"""
"1"," ""F"""
"1"," ""F"""
"1"," ""F"""
"1"," ""F"""
"1"," ""F"""
"1"," ""F"""
"1"," ""F"""
"1"," ""F"""
"1"," ""F"""
"1"," ""F"""
"1"," ""F"""
"1"," ""F"""
"1"," ""F"""
"1"," ""G"""
"1"," ""G"""
"1"," ""G"""
"1"," ""G"""
"1"," ""G"""
"1"," ""G"""
"1"," ""G"""
"1"," ""G"""
"1"," ""G"""
"1"," ""G"""
"1"," ""G"""
"1"," ""G"""
"1"," ""G"""
"1"," ""G"""
"1"," ""G"""
"1"," ""H"""
"1"," ""H"""
"1"," ""H"""
"1","
"
"1","[109]"
"1"," ""H"""
"1"," ""H"""
"1"," ""H"""
"1"," ""H"""
"1"," ""H"""
"1"," ""H"""
"1"," ""H"""
"1"," ""H"""
"1"," ""H"""
"1"," ""H"""
"1"," ""H"""
"1"," ""H"""
"1"," ""I"""
"1"," ""I"""
"1"," ""I"""
"1"," ""I"""
"1"," ""I"""
"1"," ""I"""
"1"," ""I"""
"1"," ""I"""
"1"," ""I"""
"1"," ""I"""
"1"," ""I"""
"1"," ""I"""
"1"," ""I"""
"1"," ""I"""
"1"," ""I"""
"1"," ""J"""
"1"," ""J"""
"1"," ""J"""
"1"," ""J"""
"1"," ""J"""
"1"," ""J"""
"1"," ""J"""
"1"," ""J"""
"1"," ""J"""
"1","
"
"1","[145]"
"1"," ""J"""
"1"," ""J"""
"1"," ""J"""
"1"," ""J"""
"1"," ""J"""
"1"," ""J"""
"1"," ""K"""
"1"," ""K"""
"1"," ""K"""
"1"," ""K"""
"1"," ""K"""
"1"," ""K"""
"1"," ""K"""
"1"," ""K"""
"1"," ""K"""
"1"," ""K"""
"1"," ""K"""
"1"," ""K"""
"1"," ""K"""
"1"," ""K"""
"1"," ""K"""
"1"," ""L"""
"1"," ""L"""
"1"," ""L"""
"1"," ""L"""
"1"," ""L"""
"1"," ""L"""
"1"," ""L"""
"1"," ""L"""
"1"," ""L"""
"1"," ""L"""
"1"," ""L"""
"1"," ""L"""
"1"," ""L"""
"1"," ""L"""
"1"," ""L"""
"1","
"
"1","[181]"
"1"," ""M"""
"1"," ""M"""
"1"," ""M"""
"1"," ""M"""
"1"," ""M"""
"1"," ""M"""
"1"," ""M"""
"1"," ""M"""
"1"," ""M"""
"1"," ""M"""
"1"," ""M"""
"1"," ""M"""
"1"," ""M"""
"1"," ""M"""
"1"," ""M"""
"1"," ""N"""
"1"," ""N"""
"1"," ""N"""
"1"," ""N"""
"1"," ""N"""
"1"," ""N"""
"1"," ""N"""
"1"," ""N"""
"1"," ""N"""
"1"," ""N"""
"1"," ""N"""
"1"," ""N"""
"1"," ""N"""
"1"," ""N"""
"1"," ""N"""
"1"," ""O"""
"1"," ""O"""
"1"," ""O"""
"1"," ""O"""
"1"," ""O"""
"1"," ""O"""
"1","
"
"1","[217]"
"1"," ""O"""
"1"," ""O"""
"1"," ""O"""
"1"," ""O"""
"1"," ""O"""
"1"," ""O"""
"1"," ""O"""
"1"," ""O"""
"1"," ""O"""
"1","
"
"0","#( mbrs = numbers[1:(n_church*n_mbrs)] )"
"0","( churcheff = rnorm(n_church, 0, sds) )"
"1"," [1]"
"1","  0.32205733"
"1"," -0.01723427"
"1","  0.62223158"
"1","  0.90857885"
"1","  0.34199945"
"1","  1.54407907"
"1"," -1.53211825"
"1","  0.40411357"
"1"," -0.56088240"
"1"," -0.03465366"
"1","  1.01559046"
"1","  0.48986173"
"1","
"
"1","[13]"
"1","  0.20421742"
"1"," -1.04043992"
"1","  0.46461092"
"1","
"
"0","( churcheff = rep(churcheff, each = n_mbrs) )"
"1","  [1]"
"1","  0.32205733"
"1","  0.32205733"
"1","  0.32205733"
"1","  0.32205733"
"1","  0.32205733"
"1","  0.32205733"
"1","  0.32205733"
"1","  0.32205733"
"1","  0.32205733"
"1","  0.32205733"
"1","  0.32205733"
"1","  0.32205733"
"1","
"
"1"," [13]"
"1","  0.32205733"
"1","  0.32205733"
"1","  0.32205733"
"1"," -0.01723427"
"1"," -0.01723427"
"1"," -0.01723427"
"1"," -0.01723427"
"1"," -0.01723427"
"1"," -0.01723427"
"1"," -0.01723427"
"1"," -0.01723427"
"1"," -0.01723427"
"1","
"
"1"," [25]"
"1"," -0.01723427"
"1"," -0.01723427"
"1"," -0.01723427"
"1"," -0.01723427"
"1"," -0.01723427"
"1"," -0.01723427"
"1","  0.62223158"
"1","  0.62223158"
"1","  0.62223158"
"1","  0.62223158"
"1","  0.62223158"
"1","  0.62223158"
"1","
"
"1"," [37]"
"1","  0.62223158"
"1","  0.62223158"
"1","  0.62223158"
"1","  0.62223158"
"1","  0.62223158"
"1","  0.62223158"
"1","  0.62223158"
"1","  0.62223158"
"1","  0.62223158"
"1","  0.90857885"
"1","  0.90857885"
"1","  0.90857885"
"1","
"
"1"," [49]"
"1","  0.90857885"
"1","  0.90857885"
"1","  0.90857885"
"1","  0.90857885"
"1","  0.90857885"
"1","  0.90857885"
"1","  0.90857885"
"1","  0.90857885"
"1","  0.90857885"
"1","  0.90857885"
"1","  0.90857885"
"1","  0.90857885"
"1","
"
"1"," [61]"
"1","  0.34199945"
"1","  0.34199945"
"1","  0.34199945"
"1","  0.34199945"
"1","  0.34199945"
"1","  0.34199945"
"1","  0.34199945"
"1","  0.34199945"
"1","  0.34199945"
"1","  0.34199945"
"1","  0.34199945"
"1","  0.34199945"
"1","
"
"1"," [73]"
"1","  0.34199945"
"1","  0.34199945"
"1","  0.34199945"
"1","  1.54407907"
"1","  1.54407907"
"1","  1.54407907"
"1","  1.54407907"
"1","  1.54407907"
"1","  1.54407907"
"1","  1.54407907"
"1","  1.54407907"
"1","  1.54407907"
"1","
"
"1"," [85]"
"1","  1.54407907"
"1","  1.54407907"
"1","  1.54407907"
"1","  1.54407907"
"1","  1.54407907"
"1","  1.54407907"
"1"," -1.53211825"
"1"," -1.53211825"
"1"," -1.53211825"
"1"," -1.53211825"
"1"," -1.53211825"
"1"," -1.53211825"
"1","
"
"1"," [97]"
"1"," -1.53211825"
"1"," -1.53211825"
"1"," -1.53211825"
"1"," -1.53211825"
"1"," -1.53211825"
"1"," -1.53211825"
"1"," -1.53211825"
"1"," -1.53211825"
"1"," -1.53211825"
"1","  0.40411357"
"1","  0.40411357"
"1","  0.40411357"
"1","
"
"1","[109]"
"1","  0.40411357"
"1","  0.40411357"
"1","  0.40411357"
"1","  0.40411357"
"1","  0.40411357"
"1","  0.40411357"
"1","  0.40411357"
"1","  0.40411357"
"1","  0.40411357"
"1","  0.40411357"
"1","  0.40411357"
"1","  0.40411357"
"1","
"
"1","[121]"
"1"," -0.56088240"
"1"," -0.56088240"
"1"," -0.56088240"
"1"," -0.56088240"
"1"," -0.56088240"
"1"," -0.56088240"
"1"," -0.56088240"
"1"," -0.56088240"
"1"," -0.56088240"
"1"," -0.56088240"
"1"," -0.56088240"
"1"," -0.56088240"
"1","
"
"1","[133]"
"1"," -0.56088240"
"1"," -0.56088240"
"1"," -0.56088240"
"1"," -0.03465366"
"1"," -0.03465366"
"1"," -0.03465366"
"1"," -0.03465366"
"1"," -0.03465366"
"1"," -0.03465366"
"1"," -0.03465366"
"1"," -0.03465366"
"1"," -0.03465366"
"1","
"
"1","[145]"
"1"," -0.03465366"
"1"," -0.03465366"
"1"," -0.03465366"
"1"," -0.03465366"
"1"," -0.03465366"
"1"," -0.03465366"
"1","  1.01559046"
"1","  1.01559046"
"1","  1.01559046"
"1","  1.01559046"
"1","  1.01559046"
"1","  1.01559046"
"1","
"
"1","[157]"
"1","  1.01559046"
"1","  1.01559046"
"1","  1.01559046"
"1","  1.01559046"
"1","  1.01559046"
"1","  1.01559046"
"1","  1.01559046"
"1","  1.01559046"
"1","  1.01559046"
"1","  0.48986173"
"1","  0.48986173"
"1","  0.48986173"
"1","
"
"1","[169]"
"1","  0.48986173"
"1","  0.48986173"
"1","  0.48986173"
"1","  0.48986173"
"1","  0.48986173"
"1","  0.48986173"
"1","  0.48986173"
"1","  0.48986173"
"1","  0.48986173"
"1","  0.48986173"
"1","  0.48986173"
"1","  0.48986173"
"1","
"
"1","[181]"
"1","  0.20421742"
"1","  0.20421742"
"1","  0.20421742"
"1","  0.20421742"
"1","  0.20421742"
"1","  0.20421742"
"1","  0.20421742"
"1","  0.20421742"
"1","  0.20421742"
"1","  0.20421742"
"1","  0.20421742"
"1","  0.20421742"
"1","
"
"1","[193]"
"1","  0.20421742"
"1","  0.20421742"
"1","  0.20421742"
"1"," -1.04043992"
"1"," -1.04043992"
"1"," -1.04043992"
"1"," -1.04043992"
"1"," -1.04043992"
"1"," -1.04043992"
"1"," -1.04043992"
"1"," -1.04043992"
"1"," -1.04043992"
"1","
"
"1","[205]"
"1"," -1.04043992"
"1"," -1.04043992"
"1"," -1.04043992"
"1"," -1.04043992"
"1"," -1.04043992"
"1"," -1.04043992"
"1","  0.46461092"
"1","  0.46461092"
"1","  0.46461092"
"1","  0.46461092"
"1","  0.46461092"
"1","  0.46461092"
"1","
"
"1","[217]"
"1","  0.46461092"
"1","  0.46461092"
"1","  0.46461092"
"1","  0.46461092"
"1","  0.46461092"
"1","  0.46461092"
"1","  0.46461092"
"1","  0.46461092"
"1","  0.46461092"
"1","
"
"0","( mbrseff = rnorm(n_church*n_mbrs, 0, sd) )"
"1","  [1]"
"1"," -0.52957128"
"1","  0.43836582"
"1"," -0.39911065"
"1","  1.91330258"
"1"," -0.37839745"
"1","  1.15552362"
"1","  0.26324437"
"1"," -0.91022170"
"1","  0.97693858"
"1"," -1.56995000"
"1","  0.04304734"
"1"," -0.56005587"
"1","
"
"1"," [13]"
"1","  0.68903324"
"1"," -0.27882049"
"1"," -1.19177505"
"1"," -1.02664203"
"1"," -0.07246782"
"1","  0.17824509"
"1","  1.16519091"
"1","  2.18904150"
"1"," -0.33809449"
"1"," -0.27428759"
"1","  0.53547206"
"1"," -0.06024814"
"1","
"
"1"," [25]"
"1","  1.63782211"
"1"," -0.40466135"
"1","  0.39706239"
"1","  0.29699960"
"1"," -1.69310132"
"1","  1.11369798"
"1"," -0.16582018"
"1"," -0.37122429"
"1","  0.73421789"
"1","  0.83593874"
"1","  0.98026603"
"1","  0.14726650"
"1","
"
"1"," [37]"
"1"," -0.45414884"
"1","  1.93187449"
"1","  0.45145628"
"1","  1.79857033"
"1","  0.26084887"
"1","  0.59919815"
"1","  1.10952083"
"1","  0.29482050"
"1"," -0.36932171"
"1"," -0.63435031"
"1"," -0.70211096"
"1"," -0.39066830"
"1","
"
"1"," [49]"
"1"," -1.50462213"
"1","  0.25492590"
"1"," -2.47850639"
"1"," -2.10653214"
"1","  1.17642161"
"1"," -0.54086796"
"1","  1.39489990"
"1","  1.04384430"
"1"," -0.04800762"
"1","  0.29301721"
"1"," -0.69074426"
"1","  1.01069431"
"1","
"
"1"," [61]"
"1"," -1.11621110"
"1"," -0.94822355"
"1"," -0.47153527"
"1"," -0.33447592"
"1"," -0.09378728"
"1","  1.48351688"
"1"," -1.42497774"
"1","  2.89012976"
"1"," -0.83331427"
"1","  1.29078780"
"1","  0.06706501"
"1"," -0.77054957"
"1","
"
"1"," [73]"
"1","  0.14279473"
"1"," -1.58035137"
"1","  0.26846207"
"1","  0.23799820"
"1","  0.74583531"
"1"," -2.25726920"
"1","  0.60248065"
"1","  0.09849853"
"1"," -2.21021905"
"1"," -0.12604420"
"1","  1.29437468"
"1","  1.20884533"
"1","
"
"1"," [85]"
"1"," -0.99607895"
"1","  0.14391832"
"1","  0.34592364"
"1"," -0.12692315"
"1"," -0.32970190"
"1","  0.19826196"
"1","  1.42305654"
"1","  1.95790976"
"1","  1.36602722"
"1"," -2.29275790"
"1","  1.39427083"
"1"," -0.43432943"
"1","
"
"1"," [97]"
"1","  0.11674358"
"1","  0.61194393"
"1","  1.43225034"
"1","  0.19579895"
"1"," -0.76733482"
"1"," -0.70564014"
"1"," -0.97129424"
"1"," -0.09859779"
"1"," -0.77031699"
"1"," -1.37378721"
"1","  1.59065747"
"1","  0.09570793"
"1","
"
"1","[109]"
"1"," -1.28592916"
"1","  0.12524012"
"1"," -0.15325599"
"1","  0.63675087"
"1","  0.16599001"
"1","  1.92775305"
"1","  0.33505301"
"1","  0.12247796"
"1","  0.13365364"
"1"," -1.16397713"
"1","  0.15046576"
"1"," -1.07388038"
"1","
"
"1","[121]"
"1","  1.69616743"
"1","  0.80361629"
"1"," -0.58558328"
"1","  0.52773042"
"1"," -1.97069336"
"1","  0.33060327"
"1","  0.10353816"
"1","  2.30650328"
"1"," -0.02149938"
"1"," -0.35065038"
"1","  1.03978947"
"1"," -0.81483988"
"1","
"
"1","[133]"
"1","  0.07334050"
"1"," -1.84237837"
"1","  0.78492124"
"1"," -1.22658037"
"1"," -1.98124170"
"1"," -0.06536412"
"1"," -1.05115279"
"1"," -0.45292138"
"1","  0.44797166"
"1"," -0.98067458"
"1","  0.08321178"
"1"," -0.25418296"
"1","
"
"1","[145]"
"1","  0.50080648"
"1","  0.60260458"
"1","  1.07547655"
"1"," -0.68891887"
"1","  0.33503343"
"1","  0.11483534"
"1"," -1.38119394"
"1","  1.08913281"
"1"," -0.78507054"
"1","  0.71826507"
"1","  0.70253014"
"1","  0.31002134"
"1","
"
"1","[157]"
"1","  0.01404096"
"1","  0.10864219"
"1","  1.08152258"
"1","  0.30318715"
"1","  0.38300190"
"1","  0.76153196"
"1"," -1.43601706"
"1","  1.15016480"
"1","  0.30146236"
"1"," -1.17312033"
"1","  2.07689678"
"1","  2.59289516"
"1","
"
"1","[169]"
"1","  0.07442281"
"1","  1.68199488"
"1","  0.29649529"
"1","  0.36897033"
"1","  0.51820422"
"1","  0.46848201"
"1"," -1.60842881"
"1"," -1.98685901"
"1","  0.75391651"
"1"," -0.86754202"
"1","  0.44530241"
"1"," -0.05803330"
"1","
"
"1","[181]"
"1"," -0.54850003"
"1"," -0.52865946"
"1"," -0.17176989"
"1","  0.45623566"
"1","  0.78668133"
"1","  1.82459703"
"1","  0.76377723"
"1"," -0.20315627"
"1"," -0.27087852"
"1","  0.59004097"
"1"," -0.25402548"
"1","  0.74838301"
"1","
"
"1","[193]"
"1"," -0.61324460"
"1"," -1.12314845"
"1","  0.42852375"
"1","  0.78580163"
"1"," -0.63725665"
"1"," -0.13427922"
"1","  0.26558862"
"1","  0.34468105"
"1","  1.42676349"
"1"," -0.81266793"
"1"," -0.53018826"
"1","  0.88113073"
"1","
"
"1","[205]"
"1"," -0.01342103"
"1","  0.54539803"
"1","  0.17256669"
"1"," -1.17479869"
"1"," -1.03141016"
"1"," -0.41478859"
"1"," -0.83438870"
"1"," -1.49082650"
"1","  0.63421302"
"1","  0.89919482"
"1"," -0.16033691"
"1"," -0.28491219"
"1","
"
"1","[217]"
"1"," -0.98076412"
"1","  1.11371950"
"1"," -0.85178976"
"1"," -0.94229590"
"1","  0.39988058"
"1"," -0.47569667"
"1"," -0.34965965"
"1"," -0.57799972"
"1"," -1.09969201"
"1","
"
"0","( ATSS = b0 + b1*attendance + b2*homogeneity + churcheff + mbrseff)"
"1","  [1]"
"1"," 2.94107349"
"1"," 3.70200478"
"1"," 3.13468080"
"1"," 5.18981525"
"1"," 3.10703135"
"1"," 4.44983372"
"1"," 3.48770938"
"1"," 2.60049961"
"1"," 4.34781815"
"1"," 1.59437528"
"1"," 3.43605182"
"1"," 2.66001886"
"1"," 3.82729075"
"1","
"
"1"," [14]"
"1"," 2.81754685"
"1"," 2.23013647"
"1"," 2.01873609"
"1"," 3.13671051"
"1"," 3.08790394"
"1"," 4.06171946"
"1"," 4.98821477"
"1"," 2.78907085"
"1"," 2.58917428"
"1"," 3.41278498"
"1"," 2.71717931"
"1"," 4.84625109"
"1"," 2.35562253"
"1","
"
"1"," [27]"
"1"," 3.56969488"
"1"," 3.26351236"
"1"," 1.23167104"
"1"," 3.88048138"
"1"," 3.30014585"
"1"," 2.99785366"
"1"," 4.16227950"
"1"," 4.37165463"
"1"," 4.31081086"
"1"," 3.72816601"
"1"," 3.31153661"
"1"," 5.69231654"
"1"," 3.79424900"
"1","
"
"1"," [40]"
"1"," 5.40265167"
"1"," 3.80150364"
"1"," 4.26350685"
"1"," 4.72893433"
"1"," 4.07366296"
"1"," 3.25310490"
"1"," 3.44326602"
"1"," 3.60149759"
"1"," 3.78674213"
"1"," 2.73206311"
"1"," 4.64375548"
"1"," 1.56676403"
"1"," 1.89497519"
"1","
"
"1"," [53]"
"1"," 5.40537318"
"1"," 3.66974011"
"1"," 5.83811036"
"1"," 5.52625296"
"1"," 4.43831619"
"1"," 4.58718681"
"1"," 3.64604726"
"1"," 5.21984721"
"1"," 3.17687426"
"1"," 3.33728632"
"1"," 3.54061501"
"1"," 3.92197380"
"1"," 3.79149861"
"1","
"
"1"," [66]"
"1"," 5.54714760"
"1"," 2.78958697"
"1"," 7.05224225"
"1"," 3.47848027"
"1"," 5.42045835"
"1"," 4.07113536"
"1"," 3.13125228"
"1"," 4.22842879"
"1"," 2.29237635"
"1"," 4.20395098"
"1"," 5.33121138"
"1"," 5.78367638"
"1"," 2.79289842"
"1","
"
"1"," [79]"
"1"," 5.78441159"
"1"," 5.22379933"
"1"," 2.64154560"
"1"," 4.94567802"
"1"," 6.14771046"
"1"," 6.39589466"
"1"," 3.69396767"
"1"," 5.31945141"
"1"," 5.28766589"
"1"," 4.78244077"
"1"," 4.72010641"
"1"," 5.04985228"
"1"," 3.46814165"
"1","
"
"1"," [92]"
"1"," 4.04179237"
"1"," 3.40544594"
"1"," 0.03588095"
"1"," 3.51806411"
"1"," 1.66144136"
"1"," 2.55380241"
"1"," 2.63886310"
"1"," 3.57324164"
"1"," 2.26559507"
"1"," 1.41361227"
"1"," 1.68009901"
"1"," 1.05539399"
"1"," 2.25937157"
"1","
"
"1","[105]"
"1"," 1.30247832"
"1"," 2.70565879"
"1"," 5.38337731"
"1"," 3.83048128"
"1"," 2.70304806"
"1"," 3.97053320"
"1"," 3.77262172"
"1"," 4.59858284"
"1"," 3.89147030"
"1"," 5.95360164"
"1"," 4.23949640"
"1"," 3.87597819"
"1"," 4.15975455"
"1","
"
"1","[118]"
"1"," 2.88307244"
"1"," 3.93365733"
"1"," 2.68696351"
"1"," 4.43681259"
"1"," 3.37788441"
"1"," 1.82995409"
"1"," 3.08905583"
"1"," 0.67623573"
"1"," 3.05309624"
"1"," 2.60667393"
"1"," 5.12330764"
"1"," 2.73833704"
"1"," 2.15484727"
"1","
"
"1","[131]"
"1"," 3.47147696"
"1"," 1.87597039"
"1"," 2.52693266"
"1"," 0.83344844"
"1"," 3.24737034"
"1"," 1.85087874"
"1"," 1.03053732"
"1"," 2.64763505"
"1"," 2.11342148"
"1"," 2.48948935"
"1"," 3.45836279"
"1"," 2.04103749"
"1"," 2.89282840"
"1","
"
"1","[144]"
"1"," 2.88408237"
"1"," 3.58599709"
"1"," 3.70451189"
"1"," 3.81061677"
"1"," 2.46347141"
"1"," 3.18445331"
"1"," 3.09894267"
"1"," 2.92396911"
"1"," 5.68872856"
"1"," 3.37647323"
"1"," 5.02356173"
"1"," 5.24865628"
"1"," 4.52995242"
"1","
"
"1","[157]"
"1"," 4.50482261"
"1"," 4.61744001"
"1"," 5.60190909"
"1"," 4.42224282"
"1"," 4.77901703"
"1"," 4.90876866"
"1"," 3.11548427"
"1"," 5.54322188"
"1"," 4.91272774"
"1"," 3.33859738"
"1"," 6.45799562"
"1"," 7.11364330"
"1"," 4.60413633"
"1","
"
"1","[170]"
"1"," 5.82960777"
"1"," 4.59455231"
"1"," 4.53322732"
"1"," 4.68543203"
"1"," 4.88026138"
"1"," 2.58426822"
"1"," 2.56299063"
"1"," 4.99539265"
"1"," 3.68513985"
"1"," 4.56581503"
"1"," 4.15116653"
"1"," 2.92659539"
"1"," 2.71243361"
"1","
"
"1","[183]"
"1"," 3.08172694"
"1"," 4.11023869"
"1"," 4.40992962"
"1"," 5.06983124"
"1"," 4.05008602"
"1"," 3.31887107"
"1"," 3.44920913"
"1"," 3.90524242"
"1"," 3.24440399"
"1"," 4.32811022"
"1"," 2.78433267"
"1"," 2.46172486"
"1"," 3.97488752"
"1","
"
"1","[196]"
"1"," 2.73536589"
"1"," 1.38674883"
"1"," 2.03909052"
"1"," 2.50303703"
"1"," 2.59976667"
"1"," 3.32860424"
"1"," 1.39679738"
"1"," 1.58116825"
"1"," 2.83962548"
"1"," 1.90563202"
"1"," 2.93295751"
"1"," 2.26761067"
"1"," 0.89747749"
"1","
"
"1","[209]"
"1"," 1.23432264"
"1"," 1.92287246"
"1"," 3.03291341"
"1"," 1.93265127"
"1"," 4.51160479"
"1"," 4.56605609"
"1"," 3.46562337"
"1"," 3.51158078"
"1"," 2.93627017"
"1"," 4.96845493"
"1"," 2.98927113"
"1"," 2.93768360"
"1"," 3.97761544"
"1","
"
"1","[222]"
"1"," 3.08184115"
"1"," 3.25921949"
"1"," 2.86345741"
"1"," 2.72448077"
"1","
"
"0","( dat = data.frame(church, churcheff, mbrseff, attendance, homogeneity, ATSS) )"
