"0","OlsonNames()
"
"1","  [1]"
"1"," ""Africa/Abidjan""                  "
"1"," ""Africa/Accra""                    "
"1"," ""Africa/Addis_Ababa""              "
"1","
"
"1","  [4]"
"1"," ""Africa/Algiers""                  "
"1"," ""Africa/Asmara""                   "
"1"," ""Africa/Asmera""                   "
"1","
"
"1","  [7]"
"1"," ""Africa/Bamako""                   "
"1"," ""Africa/Bangui""                   "
"1"," ""Africa/Banjul""                   "
"1","
"
"1"," [10]"
"1"," ""Africa/Bissau""                   "
"1"," ""Africa/Blantyre""                 "
"1"," ""Africa/Brazzaville""              "
"1","
"
"1"," [13]"
"1"," ""Africa/Bujumbura""                "
"1"," ""Africa/Cairo""                    "
"1"," ""Africa/Casablanca""               "
"1","
"
"1"," [16]"
"1"," ""Africa/Ceuta""                    "
"1"," ""Africa/Conakry""                  "
"1"," ""Africa/Dakar""                    "
"1","
"
"1"," [19]"
"1"," ""Africa/Dar_es_Salaam""            "
"1"," ""Africa/Djibouti""                 "
"1"," ""Africa/Douala""                   "
"1","
"
"1"," [22]"
"1"," ""Africa/El_Aaiun""                 "
"1"," ""Africa/Freetown""                 "
"1"," ""Africa/Gaborone""                 "
"1","
"
"1"," [25]"
"1"," ""Africa/Harare""                   "
"1"," ""Africa/Johannesburg""             "
"1"," ""Africa/Juba""                     "
"1","
"
"1"," [28]"
"1"," ""Africa/Kampala""                  "
"1"," ""Africa/Khartoum""                 "
"1"," ""Africa/Kigali""                   "
"1","
"
"1"," [31]"
"1"," ""Africa/Kinshasa""                 "
"1"," ""Africa/Lagos""                    "
"1"," ""Africa/Libreville""               "
"1","
"
"1"," [34]"
"1"," ""Africa/Lome""                     "
"1"," ""Africa/Luanda""                   "
"1"," ""Africa/Lubumbashi""               "
"1","
"
"1"," [37]"
"1"," ""Africa/Lusaka""                   "
"1"," ""Africa/Malabo""                   "
"1"," ""Africa/Maputo""                   "
"1","
"
"1"," [40]"
"1"," ""Africa/Maseru""                   "
"1"," ""Africa/Mbabane""                  "
"1"," ""Africa/Mogadishu""                "
"1","
"
"1"," [43]"
"1"," ""Africa/Monrovia""                 "
"1"," ""Africa/Nairobi""                  "
"1"," ""Africa/Ndjamena""                 "
"1","
"
"1"," [46]"
"1"," ""Africa/Niamey""                   "
"1"," ""Africa/Nouakchott""               "
"1"," ""Africa/Ouagadougou""              "
"1","
"
"1"," [49]"
"1"," ""Africa/Porto-Novo""               "
"1"," ""Africa/Sao_Tome""                 "
"1"," ""Africa/Timbuktu""                 "
"1","
"
"1"," [52]"
"1"," ""Africa/Tripoli""                  "
"1"," ""Africa/Tunis""                    "
"1"," ""Africa/Windhoek""                 "
"1","
"
"1"," [55]"
"1"," ""America/Adak""                    "
"1"," ""America/Anchorage""               "
"1"," ""America/Anguilla""                "
"1","
"
"1"," [58]"
"1"," ""America/Antigua""                 "
"1"," ""America/Araguaina""               "
"1"," ""America/Argentina/Buenos_Aires""  "
"1","
"
"1"," [61]"
"1"," ""America/Argentina/Catamarca""     "
"1"," ""America/Argentina/ComodRivadavia"""
"1"," ""America/Argentina/Cordoba""       "
"1","
"
"1"," [64]"
"1"," ""America/Argentina/Jujuy""         "
"1"," ""America/Argentina/La_Rioja""      "
"1"," ""America/Argentina/Mendoza""       "
"1","
"
"1"," [67]"
"1"," ""America/Argentina/Rio_Gallegos""  "
"1"," ""America/Argentina/Salta""         "
"1"," ""America/Argentina/San_Juan""      "
"1","
"
"1"," [70]"
"1"," ""America/Argentina/San_Luis""      "
"1"," ""America/Argentina/Tucuman""       "
"1"," ""America/Argentina/Ushuaia""       "
"1","
"
"1"," [73]"
"1"," ""America/Aruba""                   "
"1"," ""America/Asuncion""                "
"1"," ""America/Atikokan""                "
"1","
"
"1"," [76]"
"1"," ""America/Atka""                    "
"1"," ""America/Bahia""                   "
"1"," ""America/Bahia_Banderas""          "
"1","
"
"1"," [79]"
"1"," ""America/Barbados""                "
"1"," ""America/Belem""                   "
"1"," ""America/Belize""                  "
"1","
"
"1"," [82]"
"1"," ""America/Blanc-Sablon""            "
"1"," ""America/Boa_Vista""               "
"1"," ""America/Bogota""                  "
"1","
"
"1"," [85]"
"1"," ""America/Boise""                   "
"1"," ""America/Buenos_Aires""            "
"1"," ""America/Cambridge_Bay""           "
"1","
"
"1"," [88]"
"1"," ""America/Campo_Grande""            "
"1"," ""America/Cancun""                  "
"1"," ""America/Caracas""                 "
"1","
"
"1"," [91]"
"1"," ""America/Catamarca""               "
"1"," ""America/Cayenne""                 "
"1"," ""America/Cayman""                  "
"1","
"
"1"," [94]"
"1"," ""America/Chicago""                 "
"1"," ""America/Chihuahua""               "
"1"," ""America/Coral_Harbour""           "
"1","
"
"1"," [97]"
"1"," ""America/Cordoba""                 "
"1"," ""America/Costa_Rica""              "
"1"," ""America/Creston""                 "
"1","
"
"1","[100]"
"1"," ""America/Cuiaba""                  "
"1"," ""America/Curacao""                 "
"1"," ""America/Danmarkshavn""            "
"1","
"
"1","[103]"
"1"," ""America/Dawson""                  "
"1"," ""America/Dawson_Creek""            "
"1"," ""America/Denver""                  "
"1","
"
"1","[106]"
"1"," ""America/Detroit""                 "
"1"," ""America/Dominica""                "
"1"," ""America/Edmonton""                "
"1","
"
"1","[109]"
"1"," ""America/Eirunepe""                "
"1"," ""America/El_Salvador""             "
"1"," ""America/Ensenada""                "
"1","
"
"1","[112]"
"1"," ""America/Fort_Nelson""             "
"1"," ""America/Fort_Wayne""              "
"1"," ""America/Fortaleza""               "
"1","
"
"1","[115]"
"1"," ""America/Glace_Bay""               "
"1"," ""America/Godthab""                 "
"1"," ""America/Goose_Bay""               "
"1","
"
"1","[118]"
"1"," ""America/Grand_Turk""              "
"1"," ""America/Grenada""                 "
"1"," ""America/Guadeloupe""              "
"1","
"
"1","[121]"
"1"," ""America/Guatemala""               "
"1"," ""America/Guayaquil""               "
"1"," ""America/Guyana""                  "
"1","
"
"1","[124]"
"1"," ""America/Halifax""                 "
"1"," ""America/Havana""                  "
"1"," ""America/Hermosillo""              "
"1","
"
"1","[127]"
"1"," ""America/Indiana/Indianapolis""    "
"1"," ""America/Indiana/Knox""            "
"1"," ""America/Indiana/Marengo""         "
"1","
"
"1","[130]"
"1"," ""America/Indiana/Petersburg""      "
"1"," ""America/Indiana/Tell_City""       "
"1"," ""America/Indiana/Vevay""           "
"1","
"
"1","[133]"
"1"," ""America/Indiana/Vincennes""       "
"1"," ""America/Indiana/Winamac""         "
"1"," ""America/Indianapolis""            "
"1","
"
"1","[136]"
"1"," ""America/Inuvik""                  "
"1"," ""America/Iqaluit""                 "
"1"," ""America/Jamaica""                 "
"1","
"
"1","[139]"
"1"," ""America/Jujuy""                   "
"1"," ""America/Juneau""                  "
"1"," ""America/Kentucky/Louisville""     "
"1","
"
"1","[142]"
"1"," ""America/Kentucky/Monticello""     "
"1"," ""America/Knox_IN""                 "
"1"," ""America/Kralendijk""              "
"1","
"
"1","[145]"
"1"," ""America/La_Paz""                  "
"1"," ""America/Lima""                    "
"1"," ""America/Los_Angeles""             "
"1","
"
"1","[148]"
"1"," ""America/Louisville""              "
"1"," ""America/Lower_Princes""           "
"1"," ""America/Maceio""                  "
"1","
"
"1","[151]"
"1"," ""America/Managua""                 "
"1"," ""America/Manaus""                  "
"1"," ""America/Marigot""                 "
"1","
"
"1","[154]"
"1"," ""America/Martinique""              "
"1"," ""America/Matamoros""               "
"1"," ""America/Mazatlan""                "
"1","
"
"1","[157]"
"1"," ""America/Mendoza""                 "
"1"," ""America/Menominee""               "
"1"," ""America/Merida""                  "
"1","
"
"1","[160]"
"1"," ""America/Metlakatla""              "
"1"," ""America/Mexico_City""             "
"1"," ""America/Miquelon""                "
"1","
"
"1","[163]"
"1"," ""America/Moncton""                 "
"1"," ""America/Monterrey""               "
"1"," ""America/Montevideo""              "
"1","
"
"1","[166]"
"1"," ""America/Montreal""                "
"1"," ""America/Montserrat""              "
"1"," ""America/Nassau""                  "
"1","
"
"1","[169]"
"1"," ""America/New_York""                "
"1"," ""America/Nipigon""                 "
"1"," ""America/Nome""                    "
"1","
"
"1","[172]"
"1"," ""America/Noronha""                 "
"1"," ""America/North_Dakota/Beulah""     "
"1"," ""America/North_Dakota/Center""     "
"1","
"
"1","[175]"
"1"," ""America/North_Dakota/New_Salem""  "
"1"," ""America/Nuuk""                    "
"1"," ""America/Ojinaga""                 "
"1","
"
"1","[178]"
"1"," ""America/Panama""                  "
"1"," ""America/Pangnirtung""             "
"1"," ""America/Paramaribo""              "
"1","
"
"1","[181]"
"1"," ""America/Phoenix""                 "
"1"," ""America/Port-au-Prince""          "
"1"," ""America/Port_of_Spain""           "
"1","
"
"1","[184]"
"1"," ""America/Porto_Acre""              "
"1"," ""America/Porto_Velho""             "
"1"," ""America/Puerto_Rico""             "
"1","
"
"1","[187]"
"1"," ""America/Punta_Arenas""            "
"1"," ""America/Rainy_River""             "
"1"," ""America/Rankin_Inlet""            "
"1","
"
"1","[190]"
"1"," ""America/Recife""                  "
"1"," ""America/Regina""                  "
"1"," ""America/Resolute""                "
"1","
"
"1","[193]"
"1"," ""America/Rio_Branco""              "
"1"," ""America/Rosario""                 "
"1"," ""America/Santa_Isabel""            "
"1","
"
"1","[196]"
"1"," ""America/Santarem""                "
"1"," ""America/Santiago""                "
"1"," ""America/Santo_Domingo""           "
"1","
"
"1","[199]"
"1"," ""America/Sao_Paulo""               "
"1"," ""America/Scoresbysund""            "
"1"," ""America/Shiprock""                "
"1","
"
"1","[202]"
"1"," ""America/Sitka""                   "
"1"," ""America/St_Barthelemy""           "
"1"," ""America/St_Johns""                "
"1","
"
"1","[205]"
"1"," ""America/St_Kitts""                "
"1"," ""America/St_Lucia""                "
"1"," ""America/St_Thomas""               "
"1","
"
"1","[208]"
"1"," ""America/St_Vincent""              "
"1"," ""America/Swift_Current""           "
"1"," ""America/Tegucigalpa""             "
"1","
"
"1","[211]"
"1"," ""America/Thule""                   "
"1"," ""America/Thunder_Bay""             "
"1"," ""America/Tijuana""                 "
"1","
"
"1","[214]"
"1"," ""America/Toronto""                 "
"1"," ""America/Tortola""                 "
"1"," ""America/Vancouver""               "
"1","
"
"1","[217]"
"1"," ""America/Virgin""                  "
"1"," ""America/Whitehorse""              "
"1"," ""America/Winnipeg""                "
"1","
"
"1","[220]"
"1"," ""America/Yakutat""                 "
"1"," ""America/Yellowknife""             "
"1"," ""Antarctica/Casey""                "
"1","
"
"1","[223]"
"1"," ""Antarctica/Davis""                "
"1"," ""Antarctica/DumontDUrville""       "
"1"," ""Antarctica/Macquarie""            "
"1","
"
"1","[226]"
"1"," ""Antarctica/Mawson""               "
"1"," ""Antarctica/McMurdo""              "
"1"," ""Antarctica/Palmer""               "
"1","
"
"1","[229]"
"1"," ""Antarctica/Rothera""              "
"1"," ""Antarctica/South_Pole""           "
"1"," ""Antarctica/Syowa""                "
"1","
"
"1","[232]"
"1"," ""Antarctica/Troll""                "
"1"," ""Antarctica/Vostok""               "
"1"," ""Arctic/Longyearbyen""             "
"1","
"
"1","[235]"
"1"," ""Asia/Aden""                       "
"1"," ""Asia/Almaty""                     "
"1"," ""Asia/Amman""                      "
"1","
"
"1","[238]"
"1"," ""Asia/Anadyr""                     "
"1"," ""Asia/Aqtau""                      "
"1"," ""Asia/Aqtobe""                     "
"1","
"
"1","[241]"
"1"," ""Asia/Ashgabat""                   "
"1"," ""Asia/Ashkhabad""                  "
"1"," ""Asia/Atyrau""                     "
"1","
"
"1","[244]"
"1"," ""Asia/Baghdad""                    "
"1"," ""Asia/Bahrain""                    "
"1"," ""Asia/Baku""                       "
"1","
"
"1","[247]"
"1"," ""Asia/Bangkok""                    "
"1"," ""Asia/Barnaul""                    "
"1"," ""Asia/Beirut""                     "
"1","
"
"1","[250]"
"1"," ""Asia/Bishkek""                    "
"1"," ""Asia/Brunei""                     "
"1"," ""Asia/Calcutta""                   "
"1","
"
"1","[253]"
"1"," ""Asia/Chita""                      "
"1"," ""Asia/Choibalsan""                 "
"1"," ""Asia/Chongqing""                  "
"1","
"
"1","[256]"
"1"," ""Asia/Chungking""                  "
"1"," ""Asia/Colombo""                    "
"1"," ""Asia/Dacca""                      "
"1","
"
"1","[259]"
"1"," ""Asia/Damascus""                   "
"1"," ""Asia/Dhaka""                      "
"1"," ""Asia/Dili""                       "
"1","
"
"1","[262]"
"1"," ""Asia/Dubai""                      "
"1"," ""Asia/Dushanbe""                   "
"1"," ""Asia/Famagusta""                  "
"1","
"
"1","[265]"
"1"," ""Asia/Gaza""                       "
"1"," ""Asia/Harbin""                     "
"1"," ""Asia/Hebron""                     "
"1","
"
"1","[268]"
"1"," ""Asia/Ho_Chi_Minh""                "
"1"," ""Asia/Hong_Kong""                  "
"1"," ""Asia/Hovd""                       "
"1","
"
"1","[271]"
"1"," ""Asia/Irkutsk""                    "
"1"," ""Asia/Istanbul""                   "
"1"," ""Asia/Jakarta""                    "
"1","
"
"1","[274]"
"1"," ""Asia/Jayapura""                   "
"1"," ""Asia/Jerusalem""                  "
"1"," ""Asia/Kabul""                      "
"1","
"
"1","[277]"
"1"," ""Asia/Kamchatka""                  "
"1"," ""Asia/Karachi""                    "
"1"," ""Asia/Kashgar""                    "
"1","
"
"1","[280]"
"1"," ""Asia/Kathmandu""                  "
"1"," ""Asia/Katmandu""                   "
"1"," ""Asia/Khandyga""                   "
"1","
"
"1","[283]"
"1"," ""Asia/Kolkata""                    "
"1"," ""Asia/Krasnoyarsk""                "
"1"," ""Asia/Kuala_Lumpur""               "
"1","
"
"1","[286]"
"1"," ""Asia/Kuching""                    "
"1"," ""Asia/Kuwait""                     "
"1"," ""Asia/Macao""                      "
"1","
"
"1","[289]"
"1"," ""Asia/Macau""                      "
"1"," ""Asia/Magadan""                    "
"1"," ""Asia/Makassar""                   "
"1","
"
"1","[292]"
"1"," ""Asia/Manila""                     "
"1"," ""Asia/Muscat""                     "
"1"," ""Asia/Nicosia""                    "
"1","
"
"1","[295]"
"1"," ""Asia/Novokuznetsk""               "
"1"," ""Asia/Novosibirsk""                "
"1"," ""Asia/Omsk""                       "
"1","
"
"1","[298]"
"1"," ""Asia/Oral""                       "
"1"," ""Asia/Phnom_Penh""                 "
"1"," ""Asia/Pontianak""                  "
"1","
"
"1","[301]"
"1"," ""Asia/Pyongyang""                  "
"1"," ""Asia/Qatar""                      "
"1"," ""Asia/Qostanay""                   "
"1","
"
"1","[304]"
"1"," ""Asia/Qyzylorda""                  "
"1"," ""Asia/Rangoon""                    "
"1"," ""Asia/Riyadh""                     "
"1","
"
"1","[307]"
"1"," ""Asia/Saigon""                     "
"1"," ""Asia/Sakhalin""                   "
"1"," ""Asia/Samarkand""                  "
"1","
"
"1","[310]"
"1"," ""Asia/Seoul""                      "
"1"," ""Asia/Shanghai""                   "
"1"," ""Asia/Singapore""                  "
"1","
"
"1","[313]"
"1"," ""Asia/Srednekolymsk""              "
"1"," ""Asia/Taipei""                     "
"1"," ""Asia/Tashkent""                   "
"1","
"
"1","[316]"
"1"," ""Asia/Tbilisi""                    "
"1"," ""Asia/Tehran""                     "
"1"," ""Asia/Tel_Aviv""                   "
"1","
"
"1","[319]"
"1"," ""Asia/Thimbu""                     "
"1"," ""Asia/Thimphu""                    "
"1"," ""Asia/Tokyo""                      "
"1","
"
"1","[322]"
"1"," ""Asia/Tomsk""                      "
"1"," ""Asia/Ujung_Pandang""              "
"1"," ""Asia/Ulaanbaatar""                "
"1","
"
"1","[325]"
"1"," ""Asia/Ulan_Bator""                 "
"1"," ""Asia/Urumqi""                     "
"1"," ""Asia/Ust-Nera""                   "
"1","
"
"1","[328]"
"1"," ""Asia/Vientiane""                  "
"1"," ""Asia/Vladivostok""                "
"1"," ""Asia/Yakutsk""                    "
"1","
"
"1","[331]"
"1"," ""Asia/Yangon""                     "
"1"," ""Asia/Yekaterinburg""              "
"1"," ""Asia/Yerevan""                    "
"1","
"
"1","[334]"
"1"," ""Atlantic/Azores""                 "
"1"," ""Atlantic/Bermuda""                "
"1"," ""Atlantic/Canary""                 "
"1","
"
"1","[337]"
"1"," ""Atlantic/Cape_Verde""             "
"1"," ""Atlantic/Faeroe""                 "
"1"," ""Atlantic/Faroe""                  "
"1","
"
"1","[340]"
"1"," ""Atlantic/Jan_Mayen""              "
"1"," ""Atlantic/Madeira""                "
"1"," ""Atlantic/Reykjavik""              "
"1","
"
"1","[343]"
"1"," ""Atlantic/South_Georgia""          "
"1"," ""Atlantic/St_Helena""              "
"1"," ""Atlantic/Stanley""                "
"1","
"
"1","[346]"
"1"," ""Australia/ACT""                   "
"1"," ""Australia/Adelaide""              "
"1"," ""Australia/Brisbane""              "
"1","
"
"1","[349]"
"1"," ""Australia/Broken_Hill""           "
"1"," ""Australia/Canberra""              "
"1"," ""Australia/Currie""                "
"1","
"
"1","[352]"
"1"," ""Australia/Darwin""                "
"1"," ""Australia/Eucla""                 "
"1"," ""Australia/Hobart""                "
"1","
"
"1","[355]"
"1"," ""Australia/LHI""                   "
"1"," ""Australia/Lindeman""              "
"1"," ""Australia/Lord_Howe""             "
"1","
"
"1","[358]"
"1"," ""Australia/Melbourne""             "
"1"," ""Australia/North""                 "
"1"," ""Australia/NSW""                   "
"1","
"
"1","[361]"
"1"," ""Australia/Perth""                 "
"1"," ""Australia/Queensland""            "
"1"," ""Australia/South""                 "
"1","
"
"1","[364]"
"1"," ""Australia/Sydney""                "
"1"," ""Australia/Tasmania""              "
"1"," ""Australia/Victoria""              "
"1","
"
"1","[367]"
"1"," ""Australia/West""                  "
"1"," ""Australia/Yancowinna""            "
"1"," ""Brazil/Acre""                     "
"1","
"
"1","[370]"
"1"," ""Brazil/DeNoronha""                "
"1"," ""Brazil/East""                     "
"1"," ""Brazil/West""                     "
"1","
"
"1","[373]"
"1"," ""Canada/Atlantic""                 "
"1"," ""Canada/Central""                  "
"1"," ""Canada/Eastern""                  "
"1","
"
"1","[376]"
"1"," ""Canada/Mountain""                 "
"1"," ""Canada/Newfoundland""             "
"1"," ""Canada/Pacific""                  "
"1","
"
"1","[379]"
"1"," ""Canada/Saskatchewan""             "
"1"," ""Canada/Yukon""                    "
"1"," ""CET""                             "
"1","
"
"1","[382]"
"1"," ""Chile/Continental""               "
"1"," ""Chile/EasterIsland""              "
"1"," ""CST6CDT""                         "
"1","
"
"1","[385]"
"1"," ""Cuba""                            "
"1"," ""EET""                             "
"1"," ""Egypt""                           "
"1","
"
"1","[388]"
"1"," ""Eire""                            "
"1"," ""EST""                             "
"1"," ""EST5EDT""                         "
"1","
"
"1","[391]"
"1"," ""Etc/GMT""                         "
"1"," ""Etc/GMT-0""                       "
"1"," ""Etc/GMT-1""                       "
"1","
"
"1","[394]"
"1"," ""Etc/GMT-10""                      "
"1"," ""Etc/GMT-11""                      "
"1"," ""Etc/GMT-12""                      "
"1","
"
"1","[397]"
"1"," ""Etc/GMT-13""                      "
"1"," ""Etc/GMT-14""                      "
"1"," ""Etc/GMT-2""                       "
"1","
"
"1","[400]"
"1"," ""Etc/GMT-3""                       "
"1"," ""Etc/GMT-4""                       "
"1"," ""Etc/GMT-5""                       "
"1","
"
"1","[403]"
"1"," ""Etc/GMT-6""                       "
"1"," ""Etc/GMT-7""                       "
"1"," ""Etc/GMT-8""                       "
"1","
"
"1","[406]"
"1"," ""Etc/GMT-9""                       "
"1"," ""Etc/GMT+0""                       "
"1"," ""Etc/GMT+1""                       "
"1","
"
"1","[409]"
"1"," ""Etc/GMT+10""                      "
"1"," ""Etc/GMT+11""                      "
"1"," ""Etc/GMT+12""                      "
"1","
"
"1","[412]"
"1"," ""Etc/GMT+2""                       "
"1"," ""Etc/GMT+3""                       "
"1"," ""Etc/GMT+4""                       "
"1","
"
"1","[415]"
"1"," ""Etc/GMT+5""                       "
"1"," ""Etc/GMT+6""                       "
"1"," ""Etc/GMT+7""                       "
"1","
"
"1","[418]"
"1"," ""Etc/GMT+8""                       "
"1"," ""Etc/GMT+9""                       "
"1"," ""Etc/GMT0""                        "
"1","
"
"1","[421]"
"1"," ""Etc/Greenwich""                   "
"1"," ""Etc/UCT""                         "
"1"," ""Etc/Universal""                   "
"1","
"
"1","[424]"
"1"," ""Etc/UTC""                         "
"1"," ""Etc/Zulu""                        "
"1"," ""Europe/Amsterdam""                "
"1","
"
"1","[427]"
"1"," ""Europe/Andorra""                  "
"1"," ""Europe/Astrakhan""                "
"1"," ""Europe/Athens""                   "
"1","
"
"1","[430]"
"1"," ""Europe/Belfast""                  "
"1"," ""Europe/Belgrade""                 "
"1"," ""Europe/Berlin""                   "
"1","
"
"1","[433]"
"1"," ""Europe/Bratislava""               "
"1"," ""Europe/Brussels""                 "
"1"," ""Europe/Bucharest""                "
"1","
"
"1","[436]"
"1"," ""Europe/Budapest""                 "
"1"," ""Europe/Busingen""                 "
"1"," ""Europe/Chisinau""                 "
"1","
"
"1","[439]"
"1"," ""Europe/Copenhagen""               "
"1"," ""Europe/Dublin""                   "
"1"," ""Europe/Gibraltar""                "
"1","
"
"1","[442]"
"1"," ""Europe/Guernsey""                 "
"1"," ""Europe/Helsinki""                 "
"1"," ""Europe/Isle_of_Man""              "
"1","
"
"1","[445]"
"1"," ""Europe/Istanbul""                 "
"1"," ""Europe/Jersey""                   "
"1"," ""Europe/Kaliningrad""              "
"1","
"
"1","[448]"
"1"," ""Europe/Kiev""                     "
"1"," ""Europe/Kirov""                    "
"1"," ""Europe/Lisbon""                   "
"1","
"
"1","[451]"
"1"," ""Europe/Ljubljana""                "
"1"," ""Europe/London""                   "
"1"," ""Europe/Luxembourg""               "
"1","
"
"1","[454]"
"1"," ""Europe/Madrid""                   "
"1"," ""Europe/Malta""                    "
"1"," ""Europe/Mariehamn""                "
"1","
"
"1","[457]"
"1"," ""Europe/Minsk""                    "
"1"," ""Europe/Monaco""                   "
"1"," ""Europe/Moscow""                   "
"1","
"
"1","[460]"
"1"," ""Europe/Nicosia""                  "
"1"," ""Europe/Oslo""                     "
"1"," ""Europe/Paris""                    "
"1","
"
"1","[463]"
"1"," ""Europe/Podgorica""                "
"1"," ""Europe/Prague""                   "
"1"," ""Europe/Riga""                     "
"1","
"
"1","[466]"
"1"," ""Europe/Rome""                     "
"1"," ""Europe/Samara""                   "
"1"," ""Europe/San_Marino""               "
"1","
"
"1","[469]"
"1"," ""Europe/Sarajevo""                 "
"1"," ""Europe/Saratov""                  "
"1"," ""Europe/Simferopol""               "
"1","
"
"1","[472]"
"1"," ""Europe/Skopje""                   "
"1"," ""Europe/Sofia""                    "
"1"," ""Europe/Stockholm""                "
"1","
"
"1","[475]"
"1"," ""Europe/Tallinn""                  "
"1"," ""Europe/Tirane""                   "
"1"," ""Europe/Tiraspol""                 "
"1","
"
"1","[478]"
"1"," ""Europe/Ulyanovsk""                "
"1"," ""Europe/Uzhgorod""                 "
"1"," ""Europe/Vaduz""                    "
"1","
"
"1","[481]"
"1"," ""Europe/Vatican""                  "
"1"," ""Europe/Vienna""                   "
"1"," ""Europe/Vilnius""                  "
"1","
"
"1","[484]"
"1"," ""Europe/Volgograd""                "
"1"," ""Europe/Warsaw""                   "
"1"," ""Europe/Zagreb""                   "
"1","
"
"1","[487]"
"1"," ""Europe/Zaporozhye""               "
"1"," ""Europe/Zurich""                   "
"1"," ""GB""                              "
"1","
"
"1","[490]"
"1"," ""GB-Eire""                         "
"1"," ""GMT""                             "
"1"," ""GMT-0""                           "
"1","
"
"1","[493]"
"1"," ""GMT+0""                           "
"1"," ""GMT0""                            "
"1"," ""Greenwich""                       "
"1","
"
"1","[496]"
"1"," ""Hongkong""                        "
"1"," ""HST""                             "
"1"," ""Iceland""                         "
"1","
"
"1","[499]"
"1"," ""Indian/Antananarivo""             "
"1"," ""Indian/Chagos""                   "
"1"," ""Indian/Christmas""                "
"1","
"
"1","[502]"
"1"," ""Indian/Cocos""                    "
"1"," ""Indian/Comoro""                   "
"1"," ""Indian/Kerguelen""                "
"1","
"
"1","[505]"
"1"," ""Indian/Mahe""                     "
"1"," ""Indian/Maldives""                 "
"1"," ""Indian/Mauritius""                "
"1","
"
"1","[508]"
"1"," ""Indian/Mayotte""                  "
"1"," ""Indian/Reunion""                  "
"1"," ""Iran""                            "
"1","
"
"1","[511]"
"1"," ""Israel""                          "
"1"," ""Jamaica""                         "
"1"," ""Japan""                           "
"1","
"
"1","[514]"
"1"," ""Kwajalein""                       "
"1"," ""Libya""                           "
"1"," ""MET""                             "
"1","
"
"1","[517]"
"1"," ""Mexico/BajaNorte""                "
"1"," ""Mexico/BajaSur""                  "
"1"," ""Mexico/General""                  "
"1","
"
"1","[520]"
"1"," ""MST""                             "
"1"," ""MST7MDT""                         "
"1"," ""Navajo""                          "
"1","
"
"1","[523]"
"1"," ""NZ""                              "
"1"," ""NZ-CHAT""                         "
"1"," ""Pacific/Apia""                    "
"1","
"
"1","[526]"
"1"," ""Pacific/Auckland""                "
"1"," ""Pacific/Bougainville""            "
"1"," ""Pacific/Chatham""                 "
"1","
"
"1","[529]"
"1"," ""Pacific/Chuuk""                   "
"1"," ""Pacific/Easter""                  "
"1"," ""Pacific/Efate""                   "
"1","
"
"1","[532]"
"1"," ""Pacific/Enderbury""               "
"1"," ""Pacific/Fakaofo""                 "
"1"," ""Pacific/Fiji""                    "
"1","
"
"1","[535]"
"1"," ""Pacific/Funafuti""                "
"1"," ""Pacific/Galapagos""               "
"1"," ""Pacific/Gambier""                 "
"1","
"
"1","[538]"
"1"," ""Pacific/Guadalcanal""             "
"1"," ""Pacific/Guam""                    "
"1"," ""Pacific/Honolulu""                "
"1","
"
"1","[541]"
"1"," ""Pacific/Johnston""                "
"1"," ""Pacific/Kiritimati""              "
"1"," ""Pacific/Kosrae""                  "
"1","
"
"1","[544]"
"1"," ""Pacific/Kwajalein""               "
"1"," ""Pacific/Majuro""                  "
"1"," ""Pacific/Marquesas""               "
"1","
"
"1","[547]"
"1"," ""Pacific/Midway""                  "
"1"," ""Pacific/Nauru""                   "
"1"," ""Pacific/Niue""                    "
"1","
"
"1","[550]"
"1"," ""Pacific/Norfolk""                 "
"1"," ""Pacific/Noumea""                  "
"1"," ""Pacific/Pago_Pago""               "
"1","
"
"1","[553]"
"1"," ""Pacific/Palau""                   "
"1"," ""Pacific/Pitcairn""                "
"1"," ""Pacific/Pohnpei""                 "
"1","
"
"1","[556]"
"1"," ""Pacific/Ponape""                  "
"1"," ""Pacific/Port_Moresby""            "
"1"," ""Pacific/Rarotonga""               "
"1","
"
"1","[559]"
"1"," ""Pacific/Saipan""                  "
"1"," ""Pacific/Samoa""                   "
"1"," ""Pacific/Tahiti""                  "
"1","
"
"1","[562]"
"1"," ""Pacific/Tarawa""                  "
"1"," ""Pacific/Tongatapu""               "
"1"," ""Pacific/Truk""                    "
"1","
"
"1","[565]"
"1"," ""Pacific/Wake""                    "
"1"," ""Pacific/Wallis""                  "
"1"," ""Pacific/Yap""                     "
"1","
"
"1","[568]"
"1"," ""Poland""                          "
"1"," ""Portugal""                        "
"1"," ""PRC""                             "
"1","
"
"1","[571]"
"1"," ""PST8PDT""                         "
"1"," ""ROC""                             "
"1"," ""ROK""                             "
"1","
"
"1","[574]"
"1"," ""Singapore""                       "
"1"," ""Turkey""                          "
"1"," ""UCT""                             "
"1","
"
"1","[577]"
"1"," ""Universal""                       "
"1"," ""US/Alaska""                       "
"1"," ""US/Aleutian""                     "
"1","
"
"1","[580]"
"1"," ""US/Arizona""                      "
"1"," ""US/Central""                      "
"1"," ""US/East-Indiana""                 "
"1","
"
"1","[583]"
"1"," ""US/Eastern""                      "
"1"," ""US/Hawaii""                       "
"1"," ""US/Indiana-Starke""               "
"1","
"
"1","[586]"
"1"," ""US/Michigan""                     "
"1"," ""US/Mountain""                     "
"1"," ""US/Pacific""                      "
"1","
"
"1","[589]"
"1"," ""US/Samoa""                        "
"1"," ""UTC""                             "
"1"," ""W-SU""                            "
"1","
"
"1","[592]"
"1"," ""WET""                             "
"1"," ""Zulu""                            "
"1","
"
"1","attr(,""Version"")"
"1","
"
"1","[1]"
"1"," ""2021a"""
"1","
"
